"name","replicate","expression","binding","kd","kon","koff","sequence","binding_strength","confidence"
"1.3.3.18_1221_0",1,"none","unknown","null","null","null","SNTVERCPSAHDTYCLYGGVCFYIPELQQYACNCVPGYVGERCQYSDLEWWE","unknown","null"
"1.3.3.18_1221_0",2,"none","unknown","null","null","null","SNTVERCPSAHDTYCLYGGVCFYIPELQQYACNCVPGYVGERCQYSDLEWWE","unknown","null"
"1.3.3.18_1221_0",3,"none","unknown","null","null","null","SNTVERCPSAHDTYCLYGGVCFYIPELQQYACNCVPGYVGERCQYSDLEWWE","unknown","null"
"1.3.3.18_1395_1",1,"high","true",8.18198178934408e-7,21464.6812556908,0.0175623631148138,"SNSVESCPSTHDSYCLNGGSCVFFEIVRQFACKCLSGYMGERCQFSDLEWWD","medium","high"
"1.3.3.18_1395_1",2,"high","true",9.34901800513071e-7,21961.4879983704,0.0205318346716227,"SNSVESCPSTHDSYCLNGGSCVFFEIVRQFACKCLSGYMGERCQFSDLEWWD","medium","high"
"1.3.3.18_1395_1",3,"high","true",9.95910334346373e-7,19888.0714956599,0.0198067359327472,"SNSVESCPSTHDSYCLNGGSCVFFEIVRQFACKCLSGYMGERCQFSDLEWWD","medium","high"
"1.3.3.18_1409_17",1,"low","false","null","null","null","SGPLRSPEPATDFPGRGLPCPVDHYCLNGGRCKFLEELQEYACECVPGYIGERCQYDDLTWWA","none","null"
"1.3.3.18_1409_17",2,"low","false","null","null","null","SGPLRSPEPATDFPGRGLPCPVDHYCLNGGRCKFLEELQEYACECVPGYIGERCQYDDLTWWA","none","null"
"1.3.3.18_1409_17",3,"low","false","null","null","null","SGPLRSPEPATDFPGRGLPCPVDHYCLNGGRCKFLEELQEYACECVPGYIGERCQYDDLTWWA","none","null"
"1.3.3.18_1598_1",1,"high","true",7.82755971608132e-7,11334.3514276416,0.00887203126429162,"NSVETCPSTYCLHGGICMFIEAVDRYACKCVVGYVGERCQYRDLRWWSL","medium","high"
"1.3.3.18_1598_1",2,"high","true",4.1781326783211e-7,11418.5636238817,0.00477082738164286,"NSVETCPSTYCLHGGICMFIEAVDRYACKCVVGYVGERCQYRDLRWWSL","medium","high"
"1.3.3.18_1598_1",3,"high","true",6.01843694267123e-7,11772.098240935,0.00708496309459984,"NSVETCPSTYCLHGGICMFIEAVDRYACKCVVGYVGERCQYRDLRWWSL","medium","high"
"1.3.3.18_1613_0",1,"medium","true",2.24784200603972e-7,39240.2580867051,0.00882059004551356,"PNTVQSCPPSYDSFCLHGGVCIYIPGLEAYACRCVEGYVGERCQFSDLEWWE","medium","high"
"1.3.3.18_1613_0",2,"medium","true",1.27777074831084e-7,31636.5671873601,0.00404242801289794,"PNTVQSCPPSYDSFCLHGGVCIYIPGLEAYACRCVEGYVGERCQFSDLEWWE","medium","high"
"1.3.3.18_1613_0",3,"medium","true",1.89547838454813e-7,36246.7276078397,0.0068704888691264,"PNTVQSCPPSYDSFCLHGGVCIYIPGLEAYACRCVEGYVGERCQFSDLEWWE","medium","high"
"1.3.3.18_1751_0",1,"high","false","null","null","null","TNTVDTCPSTYCLHEGICFYFSIMQSFACNCVRGYLGDRCQFSDLEWWE","none","null"
"1.3.3.18_1751_0",2,"high","false","null","null","null","TNTVDTCPSTYCLHEGICFYFSIMQSFACNCVRGYLGDRCQFSDLEWWE","none","null"
"1.3.3.18_1751_0",3,"high","false","null","null","null","TNTVDTCPSTYCLHEGICFYFSIMQSFACNCVRGYLGDRCQFSDLEWWE","none","null"
"1.3.3.18_1959_3",1,"high","false","null","null","null","GNSAETSRCPASHDTYCLNGGTCTFYEAVGELICQCAEGYKGKRCENKDV","none","null"
"1.3.3.18_1959_3",2,"high","false","null","null","null","GNSAETSRCPASHDTYCLNGGTCTFYEAVGELICQCAEGYKGKRCENKDV","none","null"
"1.3.3.18_1959_3",3,"high","false","null","null","null","GNSAETSRCPASHDTYCLNGGTCTFYEAVGELICQCAEGYKGKRCENKDV","none","null"
"1.3.3.18_2365_0",1,"high","true",2.4365470934247e-7,32794.6548546288,0.00799057209659121,"PNSTERCPPSHDSYCLNGGVCIFFSVLQEFACKCLQGYMGERCQHSDLEWWE","medium","high"
"1.3.3.18_2365_0",2,"medium","true",1.8716980558292e-7,42129.7901290967,0.00788542462771225,"PNSTERCPPSHDSYCLNGGVCIFFSVLQEFACKCLQGYMGERCQHSDLEWWE","medium","high"
"1.3.3.18_2365_0",3,"high","true",1.39231609837659e-7,33350.1066393608,0.00464338903565581,"PNSTERCPPSHDSYCLNGGVCIFFSVLQEFACKCLQGYMGERCQHSDLEWWE","medium","high"
"1.3.3.18_2431_12",1,"high","true",4.0438673274385e-7,37550.7884164007,0.0151850406396639,"TAPESNYCLNETVIDCPTSHDTFCLYDGTCMFIPEMEKYACNCLAGFMGDRCQFSDLQWWEMQ","medium","high"
"1.3.3.18_2431_12",2,"high","true",3.5932082915333e-7,43978.6940103252,0.0158024607968706,"TAPESNYCLNETVIDCPTSHDTFCLYDGTCMFIPEMEKYACNCLAGFMGDRCQFSDLQWWEMQ","medium","high"
"1.3.3.18_2431_12",3,"high","true",3.8824950673733e-7,46143.1169671933,0.0179150424018357,"TAPESNYCLNETVIDCPTSHDTFCLYDGTCMFIPEMEKYACNCLAGFMGDRCQFSDLQWWEMQ","medium","high"
"1.3.3.18_2489_0",1,"high","false","null","null","null","NSYPECPPSYEKWYCLHGTCRFVQELKDAACICHKGYMGSRCEFLTLDW","none","null"
"1.3.3.18_2489_0",2,"high","false","null","null","null","NSYPECPPSYEKWYCLHGTCRFVQELKDAACICHKGYMGSRCEFLTLDW","none","null"
"1.3.3.18_2489_0",3,"high","false","null","null","null","NSYPECPPSYEKWYCLHGTCRFVQELKDAACICHKGYMGSRCEFLTLDW","none","null"
"1.3.3.18_2600_1",1,"high","false","null","null","null","ASGNPCPMPESYCLHGGVCFYFPDMQSFACRCVSGYIGERCQFSDLEWWA","none","null"
"1.3.3.18_2600_1",2,"high","false","null","null","null","ASGNPCPMPESYCLHGGVCFYFPDMQSFACRCVSGYIGERCQFSDLEWWA","none","null"
"1.3.3.18_2600_1",3,"high","false","null","null","null","ASGNPCPMPESYCLHGGVCFYFPDMQSFACRCVSGYIGERCQFSDLEWWA","none","null"
"1.3.3.18_268_0",1,"high","true",3.12650930624077e-8,45266.770855859,0.00141526980344312,"SNTVQRCPSSHDAYCLYGGVCFYIPEMESFACKCVKGFVGERCQFSDLEWWE","strong","high"
"1.3.3.18_268_0",2,"high","true",2.26073172105482e-8,49711.0065563806,0.00112383249407574,"SNTVQRCPSSHDAYCLYGGVCFYIPEMESFACKCVKGFVGERCQFSDLEWWE","strong","high"
"1.3.3.18_268_0",3,"high","true",2.82450200928535e-8,42742.9584081042,0.00120727571906491,"SNTVQRCPSSHDAYCLYGGVCFYIPEMESFACKCVKGFVGERCQFSDLEWWE","strong","high"
"1.3.3.18_2953_0",1,"high","true",8.23259664210234e-7,11189.5032771751,0.00921186671064645,"SDCPEAHEGFCLNGGTCIFYEVVKEYACKCLVGFIGDRCQHRDLRWWDL","medium","high"
"1.3.3.18_2953_0",2,"high","true",5.05696829946844e-7,15513.5578596413,0.00784515703081753,"SDCPEAHEGFCLNGGTCIFYEVVKEYACKCLVGFIGDRCQHRDLRWWDL","medium","high"
"1.3.3.18_2953_0",3,"high","true",5.45645915126128e-7,13889.9600614366,0.00757899996878793,"SDCPEAHEGFCLNGGTCIFYEVVKEYACKCLVGFIGDRCQHRDLRWWDL","medium","high"
"1.3.3.18_299_16",1,"medium","false","null","null","null","PETAAELREVSSGAARCPPTYDSFCLHQGICVFYPEVDKYACNCVKGYMGQRCQFSDLEWW","none","null"
"1.3.3.18_299_16",2,"medium","false","null","null","null","PETAAELREVSSGAARCPPTYDSFCLHQGICVFYPEVDKYACNCVKGYMGQRCQFSDLEWW","none","null"
"1.3.3.18_299_16",3,"medium","false","null","null","null","PETAAELREVSSGAARCPPTYDSFCLHQGICVFYPEVDKYACNCVKGYMGQRCQFSDLEWW","none","null"
"1.3.3.18_3032_15",1,"low","false","null","null","null","APDADVRLGAGNGTGSECPASYCFKNGTCIFYEPANEFACQCAQGYMGERCQFSDLEWWSR","none","null"
"1.3.3.18_3032_15",2,"low","false","null","null","null","APDADVRLGAGNGTGSECPASYCFKNGTCIFYEPANEFACQCAQGYMGERCQFSDLEWWSR","none","null"
"1.3.3.18_3032_15",3,"low","false","null","null","null","APDADVRLGAGNGTGSECPASYCFKNGTCIFYEPANEFACQCAQGYMGERCQFSDLEWWSR","none","null"
"1.3.3.18_3051_17",1,"medium","false","null","null","null","MSTPLATLAAASTAGRPCPTEFNPYCLHDGVCIYIPELQKYACDCVRGYMGERCQFSDLQWWELR","none","null"
"1.3.3.18_3051_17",2,"medium","false","null","null","null","MSTPLATLAAASTAGRPCPTEFNPYCLHDGVCIYIPELQKYACDCVRGYMGERCQFSDLQWWELR","none","null"
"1.3.3.18_3051_17",3,"medium","false","null","null","null","MSTPLATLAAASTAGRPCPTEFNPYCLHDGVCIYIPELQKYACDCVRGYMGERCQFSDLQWWELR","none","null"
"1.3.3.18_328_2",1,"high","true",4.27594814729471e-7,36058.1899965567,0.0154182950710577,"NSVERCPSSHDTYCLYGGVCFYYPETDSFACQCVNGYLGERCQYADLEWWE","medium","high"
"1.3.3.18_328_2",2,"high","true",2.7812378909912e-7,35548.6736399473,0.00988693181019015,"NSVERCPSSHDTYCLYGGVCFYYPETDSFACQCVNGYLGERCQYADLEWWE","medium","high"
"1.3.3.18_328_2",3,"high","true",3.98053383901453e-7,35279.4065145255,0.0140430871451418,"NSVERCPSSHDTYCLYGGVCFYYPETDSFACQCVNGYLGERCQYADLEWWE","medium","high"
"1.3.3.18_4149_15",1,"high","false","null","null","null","SPETDTINGLAKCPEEYIHFCIHGVCKFIQEQETPSCRCNKGYNGSRCE","none","null"
"1.3.3.18_4149_15",2,"high","false","null","null","null","SPETDTINGLAKCPEEYIHFCIHGVCKFIQEQETPSCRCNKGYNGSRCE","none","null"
"1.3.3.18_4149_15",3,"high","false","null","null","null","SPETDTINGLAKCPEEYIHFCIHGVCKFIQEQETPSCRCNKGYNGSRCE","none","null"
"1.3.3.18_471_3",1,"high","true",2.39350586336672e-7,29681.1676979084,0.00710420489165147,"NSVSDCPASHETFCLNGGTCIYFQLLQEYACRCVKGYMGDRCQFSDLEWWE","medium","high"
"1.3.3.18_471_3",2,"high","true",2.89333343047668e-7,21001.8473997993,0.0060765347183609,"NSVSDCPASHETFCLNGGTCIYFQLLQEYACRCVKGYMGDRCQFSDLEWWE","medium","high"
"1.3.3.18_471_3",3,"high","true",2.29030909757557e-7,38113.2768477852,0.00872911847028989,"NSVSDCPASHETFCLNGGTCIYFQLLQEYACRCVKGYMGDRCQFSDLEWWE","medium","high"
"1.3.3.18_652_18",1,"high","false","null","null","null","ANVVLDSSPLETCPSTHESYCLYGGKCRFIIQEEMPACRCMKGYDGARCE","none","null"
"1.3.3.18_652_18",2,"high","false","null","null","null","ANVVLDSSPLETCPSTHESYCLYGGKCRFIIQEEMPACRCMKGYDGARCE","none","null"
"1.3.3.18_652_18",3,"high","false","null","null","null","ANVVLDSSPLETCPSTHESYCLYGGKCRFIIQEEMPACRCMKGYDGARCE","none","null"
